planid,planname,planname (groups)
1,CWAY SILVER,SILVER CUSTOMIZED
10,TSHIP,Other
1014,Seniors Plan SIL,SILVER CUSTOMIZED
1015,Seniors Plan BRONZE,BRONZE CUSTOMIZED
1016,Seniors Plan GOLD,GOLD CUSTOMISED
1017,Seniors Plan GOLDPLUS,GOLD PLUS CUSTOMISED
1018,Seniors Plan PLATINUM,Other
1019,Maternity Plan BRONZE,BRONZE CUSTOMIZED
1020,Maternity Plan SILVER,SILVER CUSTOMIZED
1021,ICMG GOLD,GOLD CUSTOMISED
1022,SOLOMAX Customized Plan,Other
1023,Maternity Plan Gold,GOLD CUSTOMISED
1024,Maternity Plan Gold Plus,GOLD PLUS CUSTOMISED
1025,Maternity Plan Platinum,PLATINUM CUSTOMIZED
1026,Market Health Plan,Other
1027,BGPAINT GOLD,GOLD CUSTOMISED
1028,BGPAINT SILVER,SILVER CUSTOMIZED
1029,BGPAINT BRONZE,BRONZE CUSTOMIZED
1030,OBIO PLAN,Other
1031,SYPHER GOLD PLAN,GOLD CUSTOMISED
1032,APSP CUST SILVER,SILVER CUSTOMIZED
1033,EVSP SILVER,SILVER CUSTOMIZED
1034,AIC BRONZE PLAN,BRONZE CUSTOMIZED
1035,7UP GOL+,GOLD PLUS CUSTOMISED
1036,APBF SILVER,SILVER CUSTOMIZED
1037,AGL CUS SILVER,SILVER CUSTOMIZED
1038,FMCG BRZ,BRONZE CUSTOMIZED
1039,BC KASH BRZ,BRONZE CUSTOMIZED
1040,ICMG CUSTOMIZED PLAN,Other
1041,VITF BRZ,BRONZE CUSTOMIZED
1042,VITAFOAM GOLD,GOLD CUSTOMISED
1043,TESNL(HOS) CUS GOLD,GOLD CUSTOMISED
1044,VITABLOM GOLD PLAN,GOLD CUSTOMISED
1046,ECCNL CUS SILVER,SILVER CUSTOMIZED
1047,VIBLOM BRZ,BRONZE CUSTOMIZED
1048,VIPUR BRZ,BRONZE CUSTOMIZED
1049,ACSL CUS BRONZE,BRONZE CUSTOMIZED
1050,APBF BRZ,BRONZE CUSTOMIZED
1051,ACAD BRZ,BRONZE CUSTOMIZED
1052,SOSF BRZ,BRONZE CUSTOMIZED
1053,ODG SILVER,SILVER CUSTOMIZED
1054,VITF SIL,SILVER CUSTOMIZED
1055,OSDG SILVER,SILVER CUSTOMIZED
1056,VIBLOM SIL,SILVER CUSTOMIZED
1057,VNL CUS SILVER,SILVER CUSTOMIZED
1058,CFBNC CUS SILVER,SILVER CUSTOMIZED
1059,WPNL(NEW WAY) CUS SILVER,SILVER CUSTOMIZED
1060,BFI (NEW WAY) CUS SILVER,SILVER CUSTOMIZED
1061,STELLAR CUST BRONZE,BRONZE CUSTOMIZED
1062,WAT BRONZE,BRONZE CUSTOMIZED
1063,STL CUS BRONZE,BRONZE CUSTOMIZED
1064,AFRAB GOLD,GOLD CUSTOMISED
1065,CICL SIL,SILVER CUSTOMIZED
1066,SOWS SIL,SILVER CUSTOMIZED
1067,SOWSCO CUST BRONZE,BRONZE CUSTOMIZED
1068,LCL CUS BRONZE,BRONZE CUSTOMIZED
1069,SEFS SIL,SILVER CUSTOMIZED
1070,AirF KLM GOLD,GOLD CUSTOMISED
1071,EVSP GOLD,GOLD CUSTOMISED
1072,AirF PRADA GOLD,GOLD CUSTOMISED
1073,FANTEIN SILVER,SILVER CUSTOMIZED
1074,TIBPLC BRONZE,BRONZE CUSTOMIZED
1075,MBAP CUS SUPERB,SUPERB CUSTOMIZED
1076,ARIBL SUPERB,SUPERB CUSTOMIZED
1077,DABS BRZ,BRONZE CUSTOMIZED
1078,TESH BRONZE,BRONZE CUSTOMIZED
1079,GINS BRONZE,BRONZE CUSTOMIZED
1080,CHAP BRONZE,BRONZE CUSTOMIZED
1081,ANCH BRONZE,BRONZE CUSTOMIZED
1082,SOES BRONZE,BRONZE CUSTOMIZED
1083,EMALES BRONZE,BRONZE CUSTOMIZED
1084,LAGS BRONZE,BRONZE CUSTOMIZED
1085,LANP BRONZE,BRONZE CUSTOMIZED
1086,BMJS BRONZE,BRONZE CUSTOMIZED
1087,BHMG BRONZE,BRONZE CUSTOMIZED
1088,TAQA BRONZE,BRONZE CUSTOMIZED
1089,MIM BRONZE,BRONZE CUSTOMIZED
1090,SOWID BRONZE,BRONZE CUSTOMIZED
1091,BELA BRONZE,BRONZE CUSTOMIZED
1092,CMSG BRONZE,BRONZE CUSTOMIZED
1093,AFRAB BRONZE,BRONZE CUSTOMIZED
1094,CHR BRONZE,BRONZE CUSTOMIZED
1095,AFRAB SILVER,SILVER CUSTOMIZED
1096,GRS BRONZE,BRONZE CUSTOMIZED
1097,GCOL BRONZE,BRONZE CUSTOMIZED
1098,GATIM BRONZE,BRONZE CUSTOMIZED
1099,AMON BRONZE,BRONZE CUSTOMIZED
11,Superb Lite,SUPERBLITE CUSTOMIZED
1100,CRESEA BRONZE,BRONZE CUSTOMIZED
1101,IIS BRONZE,BRONZE CUSTOMIZED
1102,LAND SILVER,SILVER CUSTOMIZED
1103,CEBA SILVER,SILVER CUSTOMIZED
1104,SLNB BRONZE,BRONZE CUSTOMIZED
1105,GOCI SILVER,SILVER CUSTOMIZED
1106,GINS SILVER,SILVER CUSTOMIZED
1107,SOTECH SILVER,SILVER CUSTOMIZED
1108,CLOG SILVER,SILVER CUSTOMIZED
1109,SOWID SILVER,SILVER CUSTOMIZED
1110,LECO SUPB LITE,SUPERBLITE CUSTOMIZED
1111,DBNL BRONZE,BRONZE CUSTOMIZED
1112,GCFD SILVER,SILVER CUSTOMIZED
1113,TIBPLC SILVER,SILVER CUSTOMIZED
1114,IMBL SILVER,SILVER CUSTOMIZED
1115,OAKS SILVER,SILVER CUSTOMIZED
1116,GCOL SILVER,SILVER CUSTOMIZED
1117,ECM SILVER,SILVER CUSTOMIZED
1118,GATIM SILVER,SILVER CUSTOMIZED
1119,DISC BRONZE,BRONZE CUSTOMIZED
1120,KEREX BRONZE,BRONZE CUSTOMIZED
1121,ECM BRONZE,BRONZE CUSTOMIZED
1122,OCHE BRONZE,BRONZE CUSTOMIZED
1123,EMES BRONZE,BRONZE CUSTOMIZED
1124,RADI BRONZE,BRONZE CUSTOMIZED
1125,QUES BRONZE,BRONZE CUSTOMIZED
1126,ADCA BRONZE,BRONZE CUSTOMIZED
1127,RATI BRONZE,BRONZE CUSTOMIZED
1128,HACO BRONZE,BRONZE CUSTOMIZED
1129,AREB BRONZE,BRONZE CUSTOMIZED
1130,CPTG GOLD,GOLD CUSTOMISED
1131,SOTECH GOLD,GOLD CUSTOMISED
1132,GINS GOLD PLUS,GOLD PLUS CUSTOMISED
1133,WINO BRONZE,BRONZE CUSTOMIZED
1134,DIAM BRONZE,BRONZE CUSTOMIZED
1135,EYNP GOLD PLUS,GOLD PLUS CUSTOMISED
1136,JUES BRONZE,BRONZE CUSTOMIZED
1137,CHSPDC BRONZE,BRONZE CUSTOMIZED
1138,AMNI BRONZE,BRONZE CUSTOMIZED
1139,AWOF BRONZE,BRONZE CUSTOMIZED
1140,TEMB BRONZE,BRONZE CUSTOMIZED
1141,NEWREV BRONZE,BRONZE CUSTOMIZED
1142,OAKS GOLD PLUS,GOLD PLUS CUSTOMISED
1143,BCKM BRONZE,BRONZE CUSTOMIZED
1144,ROHO BRONZE,BRONZE CUSTOMIZED
1145,MILWAY BRONZE,BRONZE CUSTOMIZED
1146,TYON BRONZE,BRONZE CUSTOMIZED
1147,TMSY BRONZE,BRONZE CUSTOMIZED
1148,YASA BRONZE,BRONZE CUSTOMIZED
1149,OKKG BRONZE,BRONZE CUSTOMIZED
1150,SEKA BRONZE,BRONZE CUSTOMIZED
1151,OAKS BRONZE,BRONZE CUSTOMIZED
1152,MALI BRONZEF4,BRONZE CUSTOMIZED
1153,PRI BRONZE,BRONZE CUSTOMIZED
1154,SACO BRONZE,BRONZE CUSTOMIZED
1155,ZHON BRONZE,BRONZE CUSTOMIZED
1156,COBL BRONZE,BRONZE CUSTOMIZED
1157,BAOB GOLD,GOLD CUSTOMISED
1158,AMNI GOLD,GOLD CUSTOMISED
1159,NEWREV GOLD,GOLD CUSTOMISED
1160,SOWID GOLD,GOLD CUSTOMISED
1161,PEIN GOLD PLUS,GOLD PLUS CUSTOMISED
1162,TOKA SILVER,SILVER CUSTOMIZED
1163,CHOP PLATINUM,PLATINUM CUSTOMIZED
1164,APN BRONZE,BRONZE CUSTOMIZED
1165,NIPO SILVER,SILVER CUSTOMIZED
1166,EYNP SILVER,SILVER CUSTOMIZED
1167,TGME SILVER,SILVER CUSTOMIZED
1168,OCEA BRONZE,BRONZE CUSTOMIZED
1169,AWOF SILVER,SILVER CUSTOMIZED
1170,WEBOD GOLD,GOLD CUSTOMISED
1171,JUES SILVER,SILVER CUSTOMIZED
1172,OKKG GOLD,GOLD CUSTOMISED
1173,AMNI SILVER,SILVER CUSTOMIZED
1174,MICU GOLD,GOLD CUSTOMISED
1175,EMALES SILVER,SILVER CUSTOMIZED
1176,GRS PLATINUM,PLATINUM CUSTOMIZED
1177,ROHO SILVER,SILVER CUSTOMIZED
1178,YASA SILVER,SILVER CUSTOMIZED
1179,OKKG SILVER,SILVER CUSTOMIZED
1180,AIR SILVER,SILVER CUSTOMIZED
1181,EIE Silver,SILVER CUSTOMIZED
1182,TIC SILVER,SILVER CUSTOMIZED
1183,BCKM SILVER,SILVER CUSTOMIZED
1184,LAND GOLD,GOLD CUSTOMISED
1185,OCHE SILVER,SILVER CUSTOMIZED
1186,OCHE GOLD PLUS,GOLD PLUS CUSTOMISED
1187,YINK BRONZE,BRONZE CUSTOMIZED
1188,TACS BRONZE,BRONZE CUSTOMIZED
1189,UNVA BRONZE,BRONZE CUSTOMIZED
1190,NAUT BRONZE,BRONZE CUSTOMIZED
1191,SYPH BRONZE,BRONZE CUSTOMIZED
1192,SEPH BRONZE,BRONZE CUSTOMIZED
1193,GREEN BRONZE,BRONZE CUSTOMIZED
1194,MANI BRONZE,BRONZE CUSTOMIZED
1195,MOST BRONZE,BRONZE CUSTOMIZED
1196,FWCL BRONZE,BRONZE CUSTOMIZED
1197,CLIF BRONZE,BRONZE CUSTOMIZED
1198,IWET BRONZE,BRONZE CUSTOMIZED
1199,MORG BRONZE,BRONZE CUSTOMIZED
12,Customize Silver,SILVER CUSTOMIZED
1200,LIRL BRONZE,BRONZE CUSTOMIZED
1201,TILT BRONZE,BRONZE CUSTOMIZED
1202,ITCA BRONZE,BRONZE CUSTOMIZED
1203,EZIO SILVER,SILVER CUSTOMIZED
1204,CLIN BRONZE,BRONZE CUSTOMIZED
1205,LIRL SILVER,SILVER CUSTOMIZED
1206,CORC SILVER,SILVER CUSTOMIZED
1207,IWET SILVER,SILVER CUSTOMIZED
1208,CLIN SILVER,SILVER CUSTOMIZED
1209,CISL SILVER,SILVER CUSTOMIZED
1210,HERA BRONZE,BRONZE CUSTOMIZED
1211,NAP SILVER,SILVER CUSTOMIZED
1212,MOZF BRONZE,BRONZE CUSTOMIZED
1213,DBNL SILVER,SILVER CUSTOMIZED
1214,AE BRONZE,BRONZE CUSTOMIZED
1215,DTSPDC SILVER,SILVER CUSTOMIZED
1216,PHERO SILVER,SILVER CUSTOMIZED
1217,GODP SILVER,SILVER CUSTOMIZED
1218,CHRIS BRONZE,BRONZE CUSTOMIZED
1219,CISL BRONZE,BRONZE CUSTOMIZED
1220,WISPDC BRONZE,BRONZE CUSTOMIZED
1221,GREB BRONZE,BRONZE CUSTOMIZED
1222,JPB BRONZE,BRONZE CUSTOMIZED
1223,KOJO BRONZE,BRONZE CUSTOMIZED
1224,DAR BRONZE,BRONZE CUSTOMIZED
1225,ELB BRONZE,BRONZE CUSTOMIZED
1226,BELL BRONZE,BRONZE CUSTOMIZED
1227,CRESEA SILVER,SILVER CUSTOMIZED
1228,DES SILVER,SILVER CUSTOMIZED
1229,JOZA BRONZE,BRONZE CUSTOMIZED
1230,IGCL PLATINUM,PLATINUM CUSTOMIZED
1231,FUST SILVER,SILVER CUSTOMIZED
1232,COBL SILVER,SILVER CUSTOMIZED
1233,GODP BRONZE,BRONZE CUSTOMIZED
1234,JUES GOLD,GOLD CUSTOMISED
1235,QUAS BRONZE,BRONZE CUSTOMIZED
1236,GINS PLATINUM,PLATINUM CUSTOMIZED
1237,EXCL BRONZE,BRONZE CUSTOMIZED
1238,NIPO GOLD,GOLD CUSTOMISED
1239,TRBN BRONZE,BRONZE CUSTOMIZED
1240,EYNP GOLD,GOLD CUSTOMISED
1241,PAYN BRONZE,BRONZE CUSTOMIZED
1242,KASH SILVER,SILVER CUSTOMIZED
1243,CLIF GOLD PLUS,GOLD PLUS CUSTOMISED
1244,LIRL GOLD PLUS,GOLD PLUS CUSTOMISED
1245,OCHE GOLD,GOLD CUSTOMISED
1246,CLIN GOLD PLUS,GOLD PLUS CUSTOMISED
1247,CISL GOLD,GOLD CUSTOMISED
1248,TMSY GOLD PLUS,GOLD PLUS CUSTOMISED
1249,AISL GOLD,GOLD CUSTOMISED
1250,MALI GOLD PLUS,GOLD PLUS CUSTOMISED
1251,EXCL GOLD PLUS,GOLD PLUS CUSTOMISED
1252,CLIN PLATINUM,PLATINUM CUSTOMIZED
1253,MALI PLATINUM,PLATINUM CUSTOMIZED
1254,AKCO BRONZE,BRONZE CUSTOMIZED
1255,IGCL GOLD,GOLD CUSTOMISED
1256,PWHC GOLD,GOLD CUSTOMISED
1257,NIJI BRONZE,BRONZE CUSTOMIZED
1258,VACC GOLD,GOLD CUSTOMISED
1259,BAMB GOLD,GOLD CUSTOMISED
1260,WORK BRONZE,BRONZE CUSTOMIZED
1261,COCA GOLD,GOLD CUSTOMISED
1262,SOWS GOLD,GOLD CUSTOMISED
1263,FOR BRONZE,BRONZE CUSTOMIZED
1264,TESS BRONZE,BRONZE CUSTOMIZED
1265,STAR BRONZE,BRONZE CUSTOMIZED
1266,CORC BRONZE,BRONZE CUSTOMIZED
1267,CORA BRONZE,BRONZE CUSTOMIZED
1268,COR BRONZE,BRONZE CUSTOMIZED
1269,COCA BRONZE,BRONZE CUSTOMIZED
1270,EDI BRONZE,BRONZE CUSTOMIZED
1271,PHERO BRONZE,BRONZE CUSTOMIZED
1272,FUST BRONZE,BRONZE CUSTOMIZED
1273,PHERO GOLD,GOLD CUSTOMISED
1274,FUST GOLD,GOLD CUSTOMISED
1275,FUST GOLD PLUS,GOLD PLUS CUSTOMISED
1276,OAKD SILVER,SILVER CUSTOMIZED
1277,FWCL SILVER,SILVER CUSTOMIZED
1278,CLIF SILVER,SILVER CUSTOMIZED
1279,CORC GOLD,GOLD CUSTOMISED
1280,DISC GOLD,GOLD CUSTOMISED
1281,AE GOLD,GOLD CUSTOMISED
1282,CORA GOLD,GOLD CUSTOMISED
1283,JPB GOLD,GOLD CUSTOMISED
1284,ALM GOLD,GOLD CUSTOMISED
1285,EIE GOLD,GOLD CUSTOMISED
1286,JOZA GOLD,GOLD CUSTOMISED
1287,OAKS GOLD,GOLD CUSTOMISED
1288,PEIN GOLD,GOLD CUSTOMISED
1289,ZHON GOLD,GOLD CUSTOMISED
1290,JZGL BRONZE,BRONZE CUSTOMIZED
1291,NELC BRONZE,BRONZE CUSTOMIZED
1292,COO232 BRONZE,BRONZE CUSTOMIZED
1293,C&K BRONZE,BRONZE CUSTOMIZED
1294,COO232 SILVER,SILVER CUSTOMIZED
1295,OCTA GOLD,GOLD CUSTOMISED
1296,CRESEA GOLD,GOLD CUSTOMISED
1297,MALT BRONZE,BRONZE CUSTOMIZED
1298,ACAD SUPERB,SUPERB CUSTOMIZED
1299,APBF SUPERB,SUPERB CUSTOMIZED
13,Hybrid,Other
1300,ICAN SUPERB,SUPERB CUSTOMIZED
1301,TAHIR SUPERB,SUPERB CUSTOMIZED
1302,ORF SUPB LITE,SUPERBLITE CUSTOMIZED
1303,DIR SUPERB,SUPERB CUSTOMIZED
1304,KIL SUPERB,SUPERB CUSTOMIZED
1305,TRI SUPB LITE,SUPERBLITE CUSTOMIZED
1306,COLT SUPERB,SUPERB CUSTOMIZED
1307,ORI SUPB LITE,SUPERBLITE CUSTOMIZED
1308,THE SUPERB,SUPERB CUSTOMIZED
1309,SUN SUPB LITE,SUPERBLITE CUSTOMIZED
1310,ECM GOLD PLUS,GOLD PLUS CUSTOMISED
1311,LAG SUPB LITE,SUPERBLITE CUSTOMIZED
1312,OAKD GOLD PLUS,GOLD PLUS CUSTOMISED
1313,TGME GOLD PLUS,GOLD PLUS CUSTOMISED
1314,TOT SUPB LITE,SUPERBLITE CUSTOMIZED
1315,ADR SUPB LITE,SUPERBLITE CUSTOMIZED
1316,QUES PLATINUM,PLATINUM CUSTOMIZED
1317,EYNP BRONZE,BRONZE CUSTOMIZED
1318,PEIN BRONZE,BRONZE CUSTOMIZED
1319,CHOP BRONZE,BRONZE CUSTOMIZED
1320,SACO SUPERB,SUPERB CUSTOMIZED
1321,LAFE SUPERB,SUPERB CUSTOMIZED
1322,CPTG BRONZE,BRONZE CUSTOMIZED
1323,ITCA SUPERB,SUPERB CUSTOMIZED
1324,OAKS SUPERB,SUPERB CUSTOMIZED
1325,AER SUPB LITE,SUPERBLITE CUSTOMIZED
1326,LUMO SUPERB,SUPERB CUSTOMIZED
1327,HATC BRONZE,BRONZE CUSTOMIZED
1328,AKT SUPERB,SUPERB CUSTOMIZED
1329,DBNL SUPERB,SUPERB CUSTOMIZED
1330,CYB SUPB LITE,SUPERBLITE CUSTOMIZED
1331,IPTL SUPERB,SUPERB CUSTOMIZED
1332,BAKE SUPERB,SUPERB CUSTOMIZED
1333,TILT SUPERB,SUPERB CUSTOMIZED
1334,FIR SUPERB,SUPERB CUSTOMIZED
1335,GABS SUPERB,SUPERB CUSTOMIZED
1336,MOST GOLD,GOLD CUSTOMISED
1337,FIN SUPB LITE,SUPERBLITE CUSTOMIZED
1338,CHOV SUPERB,SUPERB CUSTOMIZED
1339,GSK SUPB LITE,SUPERBLITE CUSTOMIZED
1340,SACO GOLD,GOLD CUSTOMISED
1341,GUS SUPB LITE,SUPERBLITE CUSTOMIZED
1342,WEND SUPERB,SUPERB CUSTOMIZED
1343,GINS GOLD,GOLD CUSTOMISED
1344,COO SUPERB,SUPERB CUSTOMIZED
1345,IPTL SUPB LITE,SUPERBLITE CUSTOMIZED
1346,LIF SUPB LITE,SUPERBLITE CUSTOMIZED
1347,ERET SUPERB,SUPERB CUSTOMIZED
1348,TYON GOLD,GOLD CUSTOMISED
1349,MUS SUPB LITE,SUPERBLITE CUSTOMIZED
1350,INBN SUPB LITE,SUPERBLITE CUSTOMIZED
1351,ROHO GOLD,GOLD CUSTOMISED
1352,QUFA SUPB LITE,SUPERBLITE CUSTOMIZED
1353,NIG SUPB LITE,SUPERBLITE CUSTOMIZED
1354,NET SUPB LITE,SUPERBLITE CUSTOMIZED
1355,CHO SUPB LITE,SUPERBLITE CUSTOMIZED
1356,GAB SUPB LITE,SUPERBLITE CUSTOMIZED
1357,KEY SUPB LITE,SUPERBLITE CUSTOMIZED
1358,ODI SUPB LITE,SUPERBLITE CUSTOMIZED
1359,SCEL SUPB LITE,SUPERBLITE CUSTOMIZED
1360,RADI GOLD,GOLD CUSTOMISED
1361,SAHA SUPB LITE,SUPERBLITE CUSTOMIZED
1362,PRO SUPB LITE,SUPERBLITE CUSTOMIZED
1363,HACO GOLD,GOLD CUSTOMISED
1364,TACS SILVER,SILVER CUSTOMIZED
1365,FRLF SUPB LITE,SUPERBLITE CUSTOMIZED
1366,NAUT SILVER,SILVER CUSTOMIZED
1367,UNCL SUPB LITE,SUPERBLITE CUSTOMIZED
1368,SACO SILVER,SILVER CUSTOMIZED
1369,CRNE SILVER,SILVER CUSTOMIZED
1370,PEIN SILVER,SILVER CUSTOMIZED
1371,AME SILVER,SILVER CUSTOMIZED
1372,HACO SILVER,SILVER CUSTOMIZED
1373,CHAP SILVER,SILVER CUSTOMIZED
1374,AINT SILVER,SILVER CUSTOMIZED
1375,AMEC SILVER,SILVER CUSTOMIZED
1376,IDST SILVER,SILVER CUSTOMIZED
1377,ODUA GOLD,GOLD CUSTOMISED
1378,HATC SILVER,SILVER CUSTOMIZED
1379,HACL BRONZE,BRONZE CUSTOMIZED
1380,TEBO GOLD,GOLD CUSTOMISED
1381,BISWAL GOLD,GOLD CUSTOMISED
1382,BISWAL BRONZE,BRONZE CUSTOMIZED
1383,BISWAL SILVER,SILVER CUSTOMIZED
1384,ARIK GOLD PLUS,GOLD PLUS CUSTOMISED
1385,TRI672 GOLD,GOLD CUSTOMISED
1386,TRI672 BRONZE,BRONZE CUSTOMIZED
1387,TRI672 SILVER,SILVER CUSTOMIZED
1388,PRE GOLD,GOLD CUSTOMISED
1389,PRE SILVER,SILVER CUSTOMIZED
1390,PRE BRONZE,BRONZE CUSTOMIZED
1391,FIR142 PLATINUM,PLATINUM CUSTOMIZED
1392,FIR142 GOLD,GOLD CUSTOMISED
1393,FIR142 SILVER,SILVER CUSTOMIZED
1394,VIPUR GOLD,GOLD CUSTOMISED
1395,Maternity Pro Gold,GOLD CUSTOMISED
1396,Maternity Pro Gold Plus,GOLD PLUS CUSTOMISED
1397,Maternity Pro Platinum,PLATINUM CUSTOMIZED
1398,Maternity Pro Silver,SILVER CUSTOMIZED
1399,Maternity Pro Bronze,BRONZE CUSTOMIZED
14,Superb,SUPERB
1400,Platinum Plus,Other
1401,Platinum Evercare,Other
1402,TEL PLATINUM,PLATINUM CUSTOMIZED
1403,TEL GOLD PLUS,GOLD PLUS CUSTOMISED
1404,IPTL BRONZE,BRONZE CUSTOMIZED
1405,GOL BRONZE,BRONZE CUSTOMIZED
1406,ARIK SILVER,SILVER CUSTOMIZED
1407,ARIK GOLD,GOLD CUSTOMISED
1408,AMES SILVER,SILVER CUSTOMIZED
1409,AME915 SILVER,SILVER CUSTOMIZED
1410,WEND SUPB LITE,SUPERBLITE CUSTOMIZED
1411,XI-PHI Plan,Other
1412,Bronze,BRONZE CUSTOMIZED
1413,FANTEIN BRONZE,BRONZE CUSTOMIZED
1414,LAMB BRONZE,BRONZE CUSTOMIZED
1415,STAR SILVER,SILVER CUSTOMIZED
1416,EUODIA Bronze,BRONZE CUSTOMIZED
1417,DTSPDC Bronze,BRONZE CUSTOMIZED
1418,IDST Bronze,BRONZE CUSTOMIZED
1419,IDST Gold,GOLD CUSTOMISED
1420,EVSP BRONZE,BRONZE CUSTOMIZED
1421,AGL GOLD,GOLD CUSTOMISED
1422,WORK SILVER,SILVER CUSTOMIZED
1423,POL CarePlus,Other
1424,POL GOLD,GOLD CUSTOMISED
1425,NAP GOLD,GOLD CUSTOMISED
1426,STACO BRONZE,BRONZE CUSTOMIZED
1427,STACO SILVER,SILVER CUSTOMIZED
1428,STACO GOLD,GOLD CUSTOMISED
1429,STACO GOLD PLUS,GOLD PLUS CUSTOMISED
1430,STACO PLATINUM,PLATINUM CUSTOMIZED
1431,FMCG SILVER,SILVER CUSTOMIZED
1432,FMCG GOLD,GOLD CUSTOMISED
1433,FMCG GOLD PLUS,GOLD PLUS CUSTOMISED
1434,ACAD SILVER,SILVER CUSTOMIZED
1435,CLIN GOLD,GOLD CUSTOMISED
1436,CLIF GOLD,GOLD CUSTOMISED
1437,POL CareMax,Other
1438,APN SILVER,SILVER CUSTOMIZED
1439,IPTL SILVER,SILVER CUSTOMIZED
1440,CDK BRONZE,BRONZE CUSTOMIZED
1441,CDK SILVER,SILVER CUSTOMIZED
1442,CDK GOLD,GOLD CUSTOMISED
1443,CDK GOLD PLUS,GOLD PLUS CUSTOMISED
1444,CDK PLATINUM,PLATINUM CUSTOMIZED
1445,EMERALD SILVER,SILVER CUSTOMIZED
1446,AIS GOLD,GOLD CUSTOMISED
1447,ARIBL SUPERB,SUPERB CUSTOMIZED
1448,EVSP GOLD,GOLD CUSTOMISED
1449,NHIA,Other
1450,ROYAL BRONZE,BRONZE CUSTOMIZED
1451,SILVER23,SILVER
1452,GOLD23,GOLD 
1453,GOLD PLUS23,GOLD PLUS
1454,BRONZE23,BRONZE
1455,MOV SUPERB,SUPERB CUSTOMIZED
1456,PLATINUM23,PLATINUM
1457,MSHIP,Other
1458,MCC BRONZE,BRONZE CUSTOMIZED
1459,POL CP,Other
1460,POL CM,Other
1461,ST.B Platinum,PLATINUM CUSTOMIZED
1462,ST.B Senior Citizen,RETAIL
1463,BRONZE24,BRONZE
1464,SILVER24,SILVER
1465,WASTA BRONZE,BRONZE CUSTOMIZED
1466,CLENSOU BRONZE,BRONZE CUSTOMIZED
1467,GOLD24,GOLD 
1468,CRESEA GOLDPLUS,GOLD PLUS CUSTOMISED
1469,Simple Bronze,BRONZE CUSTOMIZED
1470,Simple Silver,SILVER CUSTOMIZED
1471,Simple Gold,GOLD CUSTOMISED
1472,Simple Goldplus,GOLD PLUS CUSTOMISED
1473,VONO BRONZE,BRONZE CUSTOMIZED
1474,CWAY fam2,Other
1475,CWAY fam4,Other
1476,CWAY Fam6,Other
1477,CWAY Fam5,Other
1478,Vaganplan,Other
1479,CIGL SILVER,SILVER CUSTOMIZED
1480,CIGL DIAMOND,DIAMOND
1481,COS SUP,SUPERB CUSTOMIZED
1482,COSFAM2,Other
1483,COSFAM3,Other
1484,COSFAM4,Other
1485,COSFAM5,Other
1486,COSFAM6,Other
1487,ASABAIR BRZ,BRONZE CUSTOMIZED
1488,ASABAIR SIL,SILVER CUSTOMIZED
1489,ASABAIR GOL,GOLD CUSTOMISED
1490,ASABAIR PLAT,PLATINUM CUSTOMIZED
1491,IBUSHE PLAN,Other
1492,IBUSHE FAM 1,Other
1493,IBUSHE FAM 3,Other
1494,IBUSHE FAM 5,Other
1495,BANCOR SUPERB,SUPERB CUSTOMIZED
1496,BANCOR BRZ,BRONZE CUSTOMIZED
1497,BANCOR SIL,SILVER CUSTOMIZED
1498,POWGOLDSINGLE,GOLD CUSTOMISED
1499,POWGOLFAM3,GOLD CUSTOMISED
1500,POWGOLFAM4,GOLD CUSTOMISED
1501,ADRON  SUP,SUPERB CUSTOMIZED
1502,ADN SUPLITE,SUPERBLITE CUSTOMIZED
1503,Emp plan,Other
1504,Emp Fam 1,Other
1505,Emp Fam 2,Other
1506,Emp Fam 3,Other
1507,Emp Fam 4,Other
1508,Emp Fam 6,Other
1509,City Plan,Other
1510,City Fam 1,Other
1511,City Fam 2,Other
1512,City Fam 3,Other
1513,City Fam 4,Other
1514,City Fam 5,Other
1515,Shine silver,SILVER CUSTOMIZED
1516,EMPIRE SILVER,SILVER CUSTOMIZED
1517,EMPSILFAM5,SILVER CUSTOMIZED
1518,EMPSILFAM6,SILVER CUSTOMIZED
1519,HASHEM BRONZE,BRONZE CUSTOMIZED
1520,HASHEM SILVER,SILVER CUSTOMIZED
1521,HASHEM GOLD,GOLD CUSTOMISED
1522,CLEARVALUE,RETAIL
1523,CLEAR ADVANTAGE,RETAIL
1524,WORKMAN PLAN,Other
1525,CLEAR ELITE,RETAIL
1526,AREB BRONZE N,BRONZE CUSTOMIZED
1527,IBUSHE GLP,GOLD PLUS CUSTOMISED
1528,SOLMAX 2,Other
1529,LORNAFAM4,Other
1530,LORFAM4,Other
1531,CLINTON BRONZE,BRONZE CUSTOMIZED
1532,CLINTON SILVER,SILVER CUSTOMIZED
1533,PELCAN BRONZE,BRONZE CUSTOMIZED
1534,Polcarmax1,Other
1535,Polcarmax2,Other
1536,Polcarmax3,Other
1537,Polcarmax4,Other
1538,Polcarplus1,Other
1539,Polcarplus2,Other
1540,Polcarplus3,Other
1541,Polcarplus4,Other
1542,Polcarplus5,Other
1543,Polcarplus6,Other
1544,Polcarmax5,Other
1545,CWAYSIL,SILVER CUSTOMIZED
1546,CWAYSILF2,SILVER CUSTOMIZED
1547,CWAYSILF4,SILVER CUSTOMIZED
1548,CWAYSILF6,SILVER CUSTOMIZED
1549,cwayfam3,Other
1550,AIRPEACEBRZF2,BRONZE CUSTOMIZED
1551,AIRPEACEBRZF3,BRONZE CUSTOMIZED
1552,AIRPEACEBRZF4,BRONZE CUSTOMIZED
1553,AIRPEACEBRZ,BRONZE CUSTOMIZED
1554,SWESUBF1,Other
1555,SWESUBF2,Other
1556,SWESUBF3,Other
1557,SWESUBF4,Other
1558,PRAGGOLF6,GOLD CUSTOMISED
1559,PRAGGOLF4,GOLD CUSTOMISED
1560,PRAGGOLF2,GOLD CUSTOMISED
1561,PRAGBRZF2,BRONZE CUSTOMIZED
1562,PRAGBRZF3,BRONZE CUSTOMIZED
1563,PRAGBRZF4,BRONZE CUSTOMIZED
1564,PRAGBRZF5,BRONZE CUSTOMIZED
1565,PRAGBRZF6,BRONZE CUSTOMIZED
1566,PRAGBRZ,BRONZE CUSTOMIZED
1567,TOSKADSIL,SILVER CUSTOMIZED
1568,PHILBANBRONZE,BRONZE CUSTOMIZED
1569,AMEC GOLD,GOLD CUSTOMISED
1570,FINA GOL,GOLD CUSTOMISED
1571,FINAFAM1GOL,GOLD CUSTOMISED
1572,FINAFAM3GOL,GOLD CUSTOMISED
1573,FINAFAM4GOL,GOLD CUSTOMISED
1574,FINAFAM5GOL,GOLD CUSTOMISED
1575,FINA SIL,SILVER CUSTOMIZED
1576,FINAFAM1SIL,SILVER CUSTOMIZED
1577,FINAFAM2SIL,SILVER CUSTOMIZED
1578,FINAFAM3SIL,SILVER CUSTOMIZED
1579,FINAFAM4SIL,SILVER CUSTOMIZED
1580,FINAFAM5SIL,SILVER CUSTOMIZED
1581, 7UP GOL,GOLD CUSTOMISED
1582,7UP GOL FAM 2,GOLD CUSTOMISED
1583,7UP GOL FAM 3,GOLD CUSTOMISED
1584,7UP GOL FAM 4,GOLD CUSTOMISED
1585,7UP GOL FAM 5,GOLD CUSTOMISED
1586,7UP GOL FAM 6,GOLD CUSTOMISED
1587,CLOUD BRONZE,BRONZE CUSTOMIZED
1588,KILO BRONZE,BRONZE CUSTOMIZED
1589,ELSA BRONZE,BRONZE CUSTOMIZED
1590,GOLF BRONZE,BRONZE CUSTOMIZED
1591,GOLF GOLD,GOLD CUSTOMISED
1592,SEC BRONZE,BRONZE CUSTOMIZED
1593,APN GOLD,GOLD CUSTOMISED
1594,APN BRONZE23,BRONZE CUSTOMIZED
1595,APN SILVER 23,SILVER CUSTOMIZED
1596,ROY GOLD,GOLD CUSTOMISED
1597, ELSA SILVER,SILVER CUSTOMIZED
1598,SOWSCO BRONZE,BRONZE CUSTOMIZED
1599,SOWSCO SILVER,SILVER CUSTOMIZED
1600,SOWSCO GOLD,GOLD CUSTOMISED
1601,DABS BRONZE,BRONZE CUSTOMIZED
1602,BEDMATE SUPERB,SUPERB CUSTOMIZED
1603,Platinum 23,PLATINUM
1604,Platinum Plus 23,Other
1605,PRAGRBRONZE,BRONZE CUSTOMIZED
1606,MALIBRONZE,BRONZE CUSTOMIZED
1607,KIZGOLPLUS,GOLD PLUS CUSTOMISED
1608,CLOUD SILVER,SILVER CUSTOMIZED
1609,MAINBRZFAM3,BRONZE CUSTOMIZED
1610,MAINBRZFAM2,BRONZE CUSTOMIZED
1611,CHRIS FILOP GOLD,GOLD CUSTOMISED
1612,CHRISFILOPGOLDFAM2,GOLD CUSTOMISED
1613,LOTUS PLATINUM,PLATINUM CUSTOMIZED
1614,REDEEM SIL23,SILVER CUSTOMIZED
1615,APN BRZN FAM 2,BRONZE CUSTOMIZED
1616,APN BRZN FAM 3,BRONZE CUSTOMIZED
1617,APN SILFAM 2,SILVER CUSTOMIZED
1618,APN SIL FAM 3,SILVER CUSTOMIZED
1619,APN GOL FAM2,GOLD CUSTOMISED
1620,APN GOL FAM3,GOLD CUSTOMISED
1621,WILSON GOLD,GOLD CUSTOMISED
1622,TGM PLATINIUM,PLATINUM CUSTOMIZED
1623,TGM SILVER,SILVER CUSTOMIZED
1624,HR SILVER,SILVER CUSTOMIZED
1625,SMBRONZE23,BRONZE CUSTOMIZED
1626,EMPSILFAM2,SILVER CUSTOMIZED
1627,EMPSILFAM3,SILVER CUSTOMIZED
1628,City Fam 6,Other
1629,VICBRONZE 23,BRONZE CUSTOMIZED
1630,TGM GOLPLUS 23,GOLD PLUS CUSTOMISED
1631,TGM GOL FAM,GOLD CUSTOMISED
1632,DIAMONDS,DIAMOND
1633,DBRONZE23,BRONZE CUSTOMIZED
1634,DSIVER23,SILVER CUSTOMIZED
1635,ESILVER23,SILVER CUSTOMIZED
1636,Mccxen Silver,SILVER CUSTOMIZED
1637,PRGOLD23,GOLD CUSTOMISED
1638,ACE SILVER23,SILVER CUSTOMIZED
1639,ACE GOL23,GOLD CUSTOMISED
1640,HARVARD,Other
1641,CBRONZE23,BRONZE CUSTOMIZED
1642,V-BRONZE23,Other
1643,V-SILVER23,Other
1644,V-GOLD23,Other
1645,L-SILVER,Other
1646,L-GOLD,Other
1647,L-GOLDPLUS,Other
1648,L-PLATINIUM,Other
2,Silver,SILVER CUSTOMIZED
3,Gold,GOLD CUSTOMISED
4,Gold Plus,GOLD PLUS CUSTOMISED
5,Platinum,PLATINUM CUSTOMIZED
7,Ultimate,Other
